serial,code,name,namecode,contents,notes,inuse
0001,6B5E,CROWN TOAST,`+,[],,False
0002,2C1C,PLANT APPLE,)(,[],,False
0003,2A5E,SPOON UMBRELLA,}N,[],,False
0004,9A5A,DUCK DOG,ud,[],,False
0005,2A2A,CAT SNOWMAN,pO,[],,False
0006,6F3C,PLANT CLOCK,)?,[],,False
0007,0A8D,CROWN SNOWMAN,`O,[],,False
0008,8B1B,FROG CAT,'p,[],,False
0009,1C7F,MOON PLANT,e),[],,False
0010,9F7F,LEAF APPLE,;(,[],,False
0011,7A9C,TOAST GHOST,+Z,[],,False
0012,6F2A,HEART CROWN,W`,[],,False
0013,8A9A,STAR CARROT,"w,",[],,False
0014,8B1F,CARROT CAR,",i",[],,False
0015,9C7C,BOWTIE CARROT,"R,",[],,False
0016,7B8B,AIRPLANE CROWN,l`,[],,False
0017,6D4A,RAIN CLOCK,n?,[],,False
0018,4D3F,ANT SPOON,T},[],,False
0019,8F5A,DUCK RAINCLOUD,un,[],,False
0020,2A5C,CARROT GHOST,",Z",[],,False
0021,3F6F,ROBOT FROG,x',[],,False
0022,7A5A,PLANT DOG,)d,[],,False
0023,3D6D,MOON ROBOT,ex,[],,False
0024,3E1E,APPLE UMBRELLA,(N,[],,False
0025,6A6C,CROWN CAT,`p,[],,False
0026,2F9C,UMBRELLA TOAST,N+,[],,False
0027,2C1F,PLANT FROG,)',[],,False
0028,4F3A,SNOWMAN SPOON,O},[],,False
0029,1B3B,FROG TV,'h,[],,False
0030,5A2B,MOON CAT,ep,[],,False
0031,4D4F,RAINDROP CARROT,"=,",[],,False
0032,3A5B,UMBRELLA GHOST,NZ,[],,False
0033,2B1A,GHOST BOMB,Z/,[],,False
0034,5F8D,MOON BOWTIE,eR,[],,False
0035,0B2B,UMBRELLA TV,Nh,[],,False
0036,6C9C,TV MOON,he,[],,False
0037,2D4B,PHONE MOON,Fe,[],,False
0038,1D5F,FROG CAR,'i,[],,False
0039,2C5C,CRAB GHOST,~Z,[],,False
0040,5C7F,GHOST DOG,Zd,[],,False
0041,9D3E,CARROT RAINDROP,",=",[],,False
0042,9C0F,ROBOT TROLLEY,xg,[],,False
0043,0C5E,SPOON DUCK,}u,[],,False
0044,5E5B,DOG GHOST,dZ,[],,False
0045,6F3A,EGG CLOCK,b?,[],,False
0046,1F5A,CLOCK CROWN,?`,[],,False
0047,8E3A,PLANT ANT,)T,[],,False
0048,1D8B,UMBRELLA CARROT,"N,",[],,False
0049,2E7A,CLOCK PHONE,?F,[],,False
0050,1D5B,LEAF CRAB,;~,[],,False
0051,9C5F,RAIN CARROT,"n,",[],,False
0052,3F8F,LEAF BOWTIE,;R,[],,False
0053,7B5C,RAINCLOUD BOMB,n/,[],,False
0054,2D0A,APPLE CLOCK,(?,[],,False
0055,9B5C,CLOCK APPLE,?(,[],,False
0056,2A1A,ANT LEAF,T;,[],,False
0057,5A4D,RAINCLOUD MOON,ne,[],,False
0058,2F3F,RAINCLOUD UMBRELLA,nN,[],,False
0059,5D4A,PHONE PAW,Fo,[],,False
0060,1C3C,MOON UMBRELLA,eN,[],,False
0061,9A2A,CAR BOMB,i/,[],,False
0062,7A6F,BOWTIE GHOST,RZ,[],,False
0063,9D6B,HEART MOON,We,[],,False
0064,9E3E,SNOWMAN TOAST,O+,[],,False
0065,9F1E,TV UMBRELLA,hN,[],,False
0066,9C3B,TOAST MOON,+e,[],,False
0067,3E7D,ANT CAT,Tp,[],,False
0068,7F5E,CROWN RAINDROP,`=,[],,False
0069,7C8D,CAR CRAB,i~,[],,False
0070,1B1D,PAW CARROT,"o,",[],,False
0071,9C0D,SPOON PAW,}o,[],,False
0072,8F8F,BOWTIE SNOWMAN,RO,[],,False
0073,1C0A,TROLLEY CRAB,g~,[],,False
0074,1F4E,SNOWMAN FROG,O',[],,False
0075,5A3B,BOWTIE CROWN,R`,[],,False
0076,1B6C,HEART ROBOT,Wx,[],,False
0077,6D1A,CLOCK AIRPLANE,?l,[],,False
0078,0A2A,STAR PAW,wo,[],,False
0079,2B9E,DUCK LEAF,u;,[],,False
0080,5A5F,PAW RAINCLOUD,on,[],,False
0081,1C6A,SNOWMAN EGG,Ob,[],,False
0082,2B7F,MOON SPOON,e},[],,False
0083,4B7E,TV ROBOT,hx,[],,False
0084,6A1A,PHONE PLANT,F),[],,False
0085,9C0E,LEAF CLOCK,;?,[],,False
0086,5C8E,PAW CLOCK,o?,[],,False
0087,1C0F,APPLE CROWN,(`,[],,False
0088,0A6E,STAR RAINCLOUD,wn,[],,False
0089,0D2B,BOWTIE BOMB,R/,[],,False
0090,3D7A,DUCK HEART,uW,[],,False
0091,8A2D,AIRPLANE DUCK,lu,[],,False
0092,3A9C,APPLE CAR,(i,[],,False
0093,6A1D,RAINCLOUD TV,nh,[],,False
0094,4C3D,SNOWMAN APPLE,O(,[],,False
0095,0B9E,TROLLEY DUCK,gu,[],,False
0096,9A6A,GHOST CRAB,Z~,[],,False
0097,0A0B,CAT CLOCK,p?,[],,False
0098,5D4B,DUCK BOMB,u/,[],,False
0099,1D4F,ROBOT CAT,xp,[],,False
0100,4D0B,DUCK RAINDROP,u=,[],,False
0101,1D9F,ANT RAINDROP,T=,[],,False
0102,5D4C,FROG CARROT,"',",[],,False
0103,5A7E,ANT CROWN,T`,[],,False
0104,8B4E,PAW CAT,op,[],,False
0105,9A5B,ANT PHONE,TF,[],,False
0106,7D0E,BOWTIE RAINCLOUD,Rn,[],,False
0107,9C2E,RAINCLOUD RAIN,nn,[],,False
0108,8E9F,TROLLEY LEAF,g;,[],,False
0109,0D2F,DOG TV,dh,[],,False
0110,2F8E,DUCK CARROT,"u,",[],,False
0111,9E6E,AIRPLANE EGG,lb,[],,False
0112,3C7E,CAR UMBRELLA,iN,[],,False
0113,7E5D,CLOCK PLANT,?),[],,False
0114,0E5F,AIRPLANE SPOON,l},[],,False
0115,7C4F,DUCK APPLE,u(,[],,False
0116,4E1F,TOAST ROBOT,+x,[],,False
0117,7D6E,CAT HEART,pW,[],,False
0118,2D2E,DUCK FROG,u',[],,False
0119,8B0E,APPLE FROG,(',[],,False
0120,8A3E,STAR FROG,w',[],,False
0121,4C8D,BOWTIE CLOCK,R?,[],,False
0122,6A4A,FROG ANT,'T,[],,False
0123,8E4D,APPLE CRAB,(~,[],,False
0124,1A0D,SNOWMAN UMBRELLA,ON,[],,False
0125,8D7E,BOWTIE PLANT,R),[],,False
0126,0A7B,ROBOT CAR,xi,[],,False
0127,4B0A,GHOST MOON,Ze,[],,False
0128,0A8E,APPLE TOAST,(+,[],,False
0129,1B0B,CARROT DUCK,",u",[],,False
0130,6C1E,RAINDROP HEART,=W,[],,False
0131,0C8A,UMBRELLA STAR,Nw,[],,False
0132,0C9B,SNOWMAN CLOCK,O?,[],,False
0133,6A6E,CAR TV,ih,[],,False
0134,1A3E,AIRPLANE BOWTIE,lR,[],,False
0135,2B8C,TOAST DUCK,+u,[],,False
0136,0B2E,TV DOG,hd,[],,False
0137,3B8F,TV FROG,h',[],,False
0138,6D3D,GHOST EGG,Zb,[],,False
0139,1C2C,FROG DOG,'d,[],,False
0140,5A1F,LEAF TOAST,;+,[],,False
0141,8D6F,CAT MOON,pe,[],,False
0142,5C4C,AIRPLANE SNOWMAN,lO,[],,False
0143,3C1B,SPOON BOMB,}/,[],,False
0144,5C6C,AIRPLANE UMBRELLA,lN,[],,False
0145,6A4C,APPLE SPOON,(},[],,False
0146,2D5B,RAIN LEAF,n;,[],,False
0147,9E5B,PHONE ROBOT,Fx,[],,False
0148,7B5F,ANT CAR,Ti,[],,False
0149,5B7E,TV CAT,hp,[],,False
0150,2C2F,UMBRELLA SNOWMAN,NO,[],,False
0151,8C2C,PLANT SNOWMAN,)O,[],,False
0152,9C1C,ANT HEART,TW,[],,False
0153,4C2F,EGG PAW,bo,[],,False
0154,4B6F,CRAB BOWTIE,~R,[],,False
0155,2C7F,LEAF RAINCLOUD,;n,[],,False
0156,4A4B,RAINDROP PHONE,=F,[],,False
0157,4C3F,HEART SNOWMAN,WO,[],,False
0158,7C9A,DOG CAR,di,[],,False
0159,1F7D,BOWTIE DUCK,Ru,[],,False
0160,9B6B,PAW RAIN,on,[],,False
0161,1E4F,ROBOT LEAF,x;,[],,False
0162,1A6E,BOWTIE RAIN,Rn,[],,False
0163,6C5C,CROWN GHOST,`Z,[],,False
0164,5F0C,AIRPLANE TOAST,l+,[],,False
0165,5D7C,CROWN UMBRELLA,`N,[],,False
0166,9B3C,DOG CRAB,d~,[],,False
0167,7A3D,SNOWMAN AIRPLANE,Ol,[],,False
0168,3C9B,ANT GHOST,TZ,[],,False
0169,1A7D,RAINCLOUD ROBOT,nx,[],,False
0170,1E2A,CRAB PAW,~o,[],,False
0171,6F8E,TROLLEY TOAST,g+,[],,False
0172,6A1C,CARROT CLOCK,",?",[],,False
0173,9A4D,CARROT BOWTIE,",R",[],,False
0174,9C2A,RAIN PAW,no,[],,False
0175,5D0D,PHONE CAR,Fi,[],,False
0176,7C8E,GHOST BOWTIE,ZR,[],,False
0177,7A3A,EGG PHONE,bF,[],,False
0178,5B5A,DOG BOMB,d/,[],,False
0179,5B0C,HEART APPLE,W(,[],,False
0180,2D9E,LEAF SNOWMAN,;O,[],,False
0181,1E9D,GHOST TROLLEY,Zg,[],,False
0182,0A7C,HEART CRAB,W~,[],,False
0183,9C8D,TROLLEY RAINDROP,g=,[],,False
0184,7D3E,BOWTIE UMBRELLA,RN,[],,False
0185,4E8F,CAR RAIN,in,[],,False
0186,4A7C,PAW AIRPLANE,ol,[],,False
0187,3F7D,CAR TOAST,i+,[],,False
0188,0A2C,SNOWMAN PLANT,O),[],,False
0189,3B5C,APPLE HEART,(W,[],,False
0190,7F7D,MOON TOAST,e+,[],,False
0191,1F5E,CROWN STAR,`w,[],,False
0192,1C8D,PHONE AIRPLANE,Fl,[],,False
0193,6F9A,ANT AIRPLANE,Tl,[],,False
0194,2C3F,PHONE LEAF,F;,[],,False
0195,1A8A,MOON TV,eh,[],,False
0196,4E1A,ANT DUCK,Tu,[],,False
0197,6D5D,SNOWMAN RAINCLOUD,On,[],,False
0198,9B7F,RAINCLOUD LEAF,n;,[],,False
0199,9B7D,CAT AIRPLANE,pl,[],,False
0200,6C3D,FROG BOWTIE,'R,[],,False
0201,7F6B,AIRPLANE PAW,lo,[],,False
0202,2F8C,SNOWMAN GHOST,OZ,[],,False
0203,0C8C,TV GHOST,hZ,[],,False
0204,0C9D,CLOCK ANT,?T,[],,False
0205,6A2F,CLOCK RAIN,?n,[],,False
0206,8E7D,BOMB FROG,/',[],,False
0207,2B1D,AIRPLANE FROG,l',[],,False
0208,3E5C,PLANT AIRPLANE,)l,[],,False
0209,6E5D,CROWN CLOCK,`?,[],,False
0210,6E3C,CRAB SPOON,~},[],,False
0211,2C9D,TV RAINDROP,h=,[],,False
0212,1B0A,CRAB UMBRELLA,~N,[],,False
0213,9E0B,PHONE TV,Fh,[],,False
0214,4D9D,EGG APPLE,b(,[],,False
0215,4B7B,TROLLEY APPLE,g(,[],,False
0216,1A2D,FROG PAW,'o,[],,False
0217,2E3E,CAT PHONE,pF,[],,False
0218,0C9F,SNOWMAN CAR,Oi,[],,False
0219,2D6C,CRAB RAINCLOUD,~n,[],,False
0220,2A1E,UMBRELLA CROWN,N`,[],,False
0221,2C9E,HEART CAT,Wp,[],,False
0222,0E7E,CARROT AIRPLANE,",l",[],,False
0223,4E3B,CROWN RAINCLOUD,`n,[],,False
0224,9C7F,STAR ANT,wT,[],,False
0225,8C8F,UMBRELLA CAT,Np,[],,False
0226,1D2F,UMBRELLA FROG,N',[],,False
0227,1D3E,SNOWMAN LEAF,O;,[],,False
0228,7F0B,CROWN BOMB,`/,[],,False
0229,6F8A,BOMB TOAST,/+,[],,False
0230,6A8C,ROBOT PHONE,xF,[],,False
0231,5E8F,CAR TROLLEY,ig,[],,False
0232,7F0C,FROG CROWN,'`,[],,False
0233,5C2F,CLOCK SPOON,?},[],,False
0234,5E0B,UMBRELLA SPOON,N},[],,False
0235,5B6E,EGG CRAB,b~,[],,False
0236,9D5B,AIRPLANE STAR,lw,[],,False
0237,8F3A,FROG SPOON,'},[],,False
0238,7A2F,ROBOT RAINCLOUD,xn,[],,False
0239,5D3C,CAT PLANT,p),[],,False
0240,2F6A,CLOCK STAR,?w,[],,False
0241,5F5C,GHOST CLOCK,Z?,[],,False
0242,7A2B,APPLE DUCK,(u,[],,False
0243,5E5C,TROLLEY GHOST,gZ,[],,False
0244,1C5C,UMBRELLA HEART,NW,[],,False
0245,1D8F,AIRPLANE ANT,lT,[],,False
0246,7A8C,STAR AIRPLANE,wl,[],,False
0247,1C6D,RAIN CAT,np,[],,False
0248,2E0E,FROG LEAF,';,[],,False
0249,6E0A,TV CAR,hi,[],,False
0250,3D2F,LEAF PHONE,;F,[],,False
0251,4D7F,CROWN CAR,`i,[],,False
0252,2D2A,TROLLEY BOMB,g/,[],,False
0253,6F4D,STAR CRAB,w~,[],,False
0254,8F2B,ANT EGG,Tb,[],,False
0255,0B5C,RAINDROP CLOCK,=?,[],,False
0256,3A7E,APPLE PAW,(o,[],,False
0257,6F6C,GHOST AIRPLANE,Zl,[],,False
0258,9E9D,HEART SPOON,W},[],,False
0259,7B7B,PLANT MOON,)e,[],,False
0260,0E8F,CAT DUCK,pu,[],,False
0261,4B9D,HEART TOAST,W+,[],,False
0262,7E5A,CLOCK PAW,?o,[],,False
0263,2C0F,RAINCLOUD SPOON,n},[],,False
0264,9E8E,BOMB MOON,/e,[],,False
0265,9A4C,CRAB STAR,~w,[],,False
0266,8F5C,FROG AIRPLANE,'l,[],,False
0267,2F3C,SNOWMAN TV,Oh,[],,False
0268,9A1C,CAT APPLE,p(,[],,False
0269,2E7D,STAR RAIN,wn,[],,False
0270,4A4A,ROBOT BOMB,x/,[],,False
0271,6F0D,CARROT LEAF,",;",[],,False
0272,8D3D,DUCK CAT,up,[],,False
0273,9E1F,CAT LEAF,p;,[],,False
0274,5A6B,CRAB PLANT,~),[],,False
0275,8A8C,CARROT TV,",h",[],,False
0276,8B4D,BOMB APPLE,/(,[],,False
0277,7D8A,CAT TROLLEY,pg,[],,False
0278,0E8A,ANT CLOCK,T?,[],,False
0279,4A8B,EGG BOWTIE,bR,[],,False
0280,6E8E,PAW RAINDROP,o=,[],,False
0281,1F6C,CLOCK CARROT,"?,",[],,False
0282,1B8C,CAR APPLE,i(,[],,False
0283,2B6F,RAINDROP CROWN,=`,[],,False
0284,6A9B,RAIN AIRPLANE,nl,[],,False
0285,8E1A,SPOON ROBOT,}x,[],,False
0286,8D4A,BOMB HEART,/W,[],,False
0287,6D9B,TV PHONE,hF,[],,False
0288,2B9B,PHONE CRAB,F~,[],,False
0289,9F0C,BOMB SNOWMAN,/O,[],,False
0290,4A3B,SPOON HEART,}W,[],,False
0291,4F8A,PHONE TROLLEY,Fg,[],,False
0292,9C4A,ROBOT TOAST,x+,[],,False
0293,9E5E,DUCK CROWN,u`,[],,False
0294,7B8E,STAR TROLLEY,wg,[],,False
0295,4A9C,GHOST HEART,ZW,[],,False
0296,5B7F,DUCK EGG,ub,[],,False
0297,0D3E,ROBOT SNOWMAN,xO,[],,False
0298,6B0F,TOAST CAT,+p,[],,False
0299,2B4A,ROBOT UMBRELLA,xN,[],,False
0300,4B1D,TOAST BOMB,+/,[],,False
0301,8C8D,DOG DUCK,du,[],,False
0302,7F8B,AIRPLANE TROLLEY,lg,[],,False
0303,8F1B,PHONE HEART,FW,[],,False
0304,1C5E,BOWTIE EGG,Rb,[],,False
0305,6A0A,HEART PHONE,WF,[],,False
0306,8E8C,PHONE DOG,Fd,[],,False
0307,5C7E,CAR PLANT,i),[],,False
0308,6E4C,CROWN APPLE,`(,[],,False
0309,9D7C,FROG RAINDROP,'=,[],,False
0310,9A4B,TV SPOON,h},[],,False
0311,4F6C,ANT TOAST,T+,[],,False
0312,2F1F,SPOON CRAB,}~,[],,False
0313,6E9D,DUCK CAR,ui,[],,False
0314,8E0C,PHONE CLOCK,F?,[],,False
0315,9F2D,TOAST FROG,+',[],,False
0316,6D8F,EGG CARROT,"b,",[],,False
0317,8A1A,CROWN DUCK,`u,[],,False
0318,4B7F,LEAF ANT,;T,[],,False
0319,2E9A,SNOWMAN ANT,OT,[],,False
0320,0F6E,APPLE CARROT,"(,",[],,False
0321,6A0B,CAR CAT,ip,[],,False
0322,7B4C,CRAB EGG,~b,[],,False
0323,9C5A,CAT STAR,pw,[],,False
0324,9E0D,STAR CLOCK,w?,[],,False
0325,9B8F,DOG PAW,do,[],,False
0326,7A2A,APPLE TROLLEY,(g,[],,False
0327,6E5E,PLANT HEART,)W,[],,False
0328,1E1F,CRAB APPLE,~(,[],,False
0329,9C7A,SPOON CAR,}i,[],,False
0330,6D8C,PAW DOG,od,[],,False
0331,8A6D,RAINDROP APPLE,=(,[],,False
0332,4B0F,SPOON TROLLEY,}g,[],,False
0333,3D6F,STAR SNOWMAN,wO,[],,False
0334,9A4A,AIRPLANE LEAF,l;,[],,False
0335,1B3F,ANT ROBOT,Tx,[],,False
0336,9D4A,RAINCLOUD CARROT,"n,",[],,False
0337,6E0B,FROG BOMB,'/,[],,False
0338,4A5E,PLANT CARROT,"),",[],,False
0339,3B4B,CARROT CRAB,",~",[],,False
0340,0B0F,EGG CROWN,b`,[],,False
0341,1B4B,APPLE RAINCLOUD,(n,[],,False
0342,5A6D,CLOCK DOG,?d,[],,False
0343,8A7A,CLOCK SNOWMAN,?O,[],,False
0344,4C2A,TV BOMB,h/,[],,False
0345,0B3F,AIRPLANE PLANT,l),[],,False
0346,3E8C,CARROT BOMB,",/",[],,False
0347,5D7E,STAR TV,wh,[],,False
0348,1A0C,ROBOT CLOCK,x?,[],,False
0349,1B2E,PAW BOMB,o/,[],,False
0350,5F5E,GHOST RAINCLOUD,Zn,[],,False
0351,9E6F,TV CARROT,"h,",[],,False
0352,1F3A,DUCK CLOCK,u?,[],,False
0353,4E9D,DUCK UMBRELLA,uN,[],,False
0354,9E3C,STAR HEART,wW,[],,False
0355,3A5A,BOMB PLANT,/),[],,False
0356,2D0F,RAIN UMBRELLA,nN,[],,False
0357,2F4D,RAINDROP EGG,=b,[],,False
0358,8F2F,ANT FROG,T',[],,False
0359,0B7D,SNOWMAN HEART,OW,[],,False
0360,6B7D,TV LEAF,h;,[],,False
0361,0E4A,ANT SNOWMAN,TO,[],,False
0362,0D8B,PAW FROG,o',[],,False
0363,9E5D,APPLE RAINDROP,(=,[],,False
0364,5F2B,CAR CARROT,"i,",[],,False
0365,9E2D,CRAB FROG,~',[],,False
0366,1E9A,CAT UMBRELLA,pN,[],,False
0367,1F7B,CRAB BOMB,~/,[],,False
0368,2F2F,DOG FROG,d',[],,False
0369,5E7A,EGG CAR,bi,[],,False
0370,7E9B,CRAB DOG,~d,[],,False
0371,0F5C,MOON RAINCLOUD,en,[],,False
0372,0D8F,GHOST PAW,Zo,[],,False
0373,3B8B,ROBOT EGG,xb,[],,False
0374,4C6D,BOMB CAR,/i,[],,False
0375,2B3E,CLOCK TOAST,?+,[],,False
0376,3D2C,STAR CAT,wp,[],,False
0377,0B7E,SNOWMAN BOMB,O/,[],,False
0378,1D8C,TV STAR,hw,[],,False
0379,6A2B,PHONE RAINCLOUD,Fn,[],,False
0380,0E7A,TV CROWN,h`,[],,False
0381,9C4E,STAR MOON,we,[],,False
0382,3A9B,LEAF SPOON,;},[],,False
0383,1A4D,BOMB SPOON,/},[],,False
0384,6D9D,BOMB CLOCK,/?,[],,False
0385,3E9D,PAW HEART,oW,[],,False
0386,8A8E,RAINDROP RAINCLOUD,=n,[],,False
0387,8E3B,CAR LEAF,i;,[],,False
0388,9B1E,APPLE SNOWMAN,(O,[],,False
0389,7E3E,PAW MOON,oe,[],,False
0390,7A0E,TROLLEY SPOON,g},[],,False
0391,1D3C,SNOWMAN STAR,Ow,[],,False
0392,9A8D,PLANT PHONE,)F,[],,False
0393,3B8E,TV PLANT,h),[],,False
0394,7D4F,PAW SNOWMAN,oO,[],,False
0395,2B2E,APPLE ROBOT,(x,[],,False
0396,1D3F,APPLE STAR,(w,[],,False
0397,6C2A,AIRPLANE RAIN,ln,[],,False
0398,0D4B,DOG PHONE,dF,[],,False
0399,6F8F,APPLE LEAF,(;,[],,False
0400,6C3A,TOAST STAR,+w,[],,False
0401,7A9E,CLOCK BOWTIE,?R,[],,False
0402,0E3E,TV BOWTIE,hR,[],,False
0403,2F9D,STAR EGG,wb,[],,False
0404,3F9D,CRAB CAR,~i,[],,False
0405,8B0C,CAT CAR,pi,[],,False
0406,4D3C,SPOON DOG,}d,[],,False
0407,9C7D,DOG CAT,dp,[],,False
0408,3B6F,CRAB PHONE,~F,[],,False
0409,6A8E,RAINDROP STAR,=w,[],,False
0410,8C5E,CARROT SNOWMAN,",O",[],,False
0411,0C3B,BOMB STAR,/w,[],,False
0412,6C6D,PLANT CROWN,)`,[],,False
0413,4F0F,STAR DOG,wd,[],,False
0414,8F8A,SPOON MOON,}e,[],,False
0415,5C6D,TV CLOCK,h?,[],,False
0416,8E8B,TOAST PLANT,+),[],,False
0417,0C8B,SNOWMAN RAIN,On,[],,False
0418,3E8F,TROLLEY ROBOT,gx,[],,False
0419,1D3A,EGG RAINCLOUD,bn,[],,False
0420,9C5D,CARROT PHONE,",F",[],,False
0421,8D2C,UMBRELLA BOMB,N/,[],,False
0422,9C1D,BOWTIE PAW,Ro,[],,False
0423,3D9E,TV PAW,ho,[],,False
0424,0D8E,RAINDROP TV,=h,[],,False
0425,5E0E,RAINCLOUD DUCK,nu,[],,False
0426,1A6F,FROG ROBOT,'x,[],,False
0427,9B3F,TV RAINCLOUD,hn,[],,False
0428,9D3D,PHONE CAT,Fp,[],,False
0429,9C6C,MOON DOG,ed,[],,False
0430,1C0C,CLOCK LEAF,?;,[],,False
0431,6D2E,MOON STAR,ew,[],,False
0432,1A7A,TV SNOWMAN,hO,[],,False
0433,2E9E,ROBOT CROWN,x`,[],,False
0434,3E0F,PAW APPLE,o(,[],,False
0435,7F6D,PLANT SPOON,)},[],,False
0436,6F3D,AIRPLANE HEART,lW,[],,False
0437,0C3C,PHONE BOMB,F/,[],,False
0438,6E2E,RAINDROP LEAF,=;,[],,False
0439,4D1B,CAT CARROT,"p,",[],,False
0440,7B8D,RAIN RAINCLOUD,nn,[],,False
0441,2C6F,SNOWMAN CAT,Op,[],,False
0442,4C9D,RAINCLOUD PLANT,n),[],,False
0443,3F5E,RAIN EGG,nb,[],,False
0444,0E7D,FROG DUCK,'u,[],,False
0445,9F4C,TV ANT,hT,[],,False
0446,4F7B,AIRPLANE RAINCLOUD,ln,[],,False
0447,8F6F,PAW CAR,oi,[],,False
0448,3C7D,CROWN SPOON,`},[],,False
0449,2A9C,BOWTIE LEAF,R;,[],,False
0450,4D2E,CRAB CLOCK,~?,[],,False
0451,1E7A,PLANT CAT,)p,[],,False
0452,9A6B,PHONE ANT,FT,[],,False
0453,1F1C,MOON TROLLEY,eg,[],,False
0454,2E1A,TROLLEY TV,gh,[],,False
0455,9B0A,APPLE ANT,(T,[],,False
0456,7A4C,CAT ROBOT,px,[],,False
0457,0A1A,CAT PAW,po,[],,False
0458,0D1C,BOMB RAIN,/n,[],,False
0459,7B7E,EGG PLANT,b),[],,False
0460,2D4F,GHOST DUCK,Zu,[],,False
0461,7A6A,CAT TV,ph,[],,False
0462,0D9A,TROLLEY FROG,g',[],,False
0463,0A1C,TOAST RAINCLOUD,+n,[],,False
0464,4B5B,AIRPLANE BOMB,l/,[],,False
0465,1D3D,GHOST ROBOT,Zx,[],,False
0466,0D6F,CAT CRAB,p~,[],,False
0467,4B1E,CAR PHONE,iF,[],,False
0468,4C9F,SNOWMAN RAINDROP,O=,[],,False
0469,7E6C,UMBRELLA DUCK,Nu,[],,False
0470,6C0F,UMBRELLA BOWTIE,NR,[],,False
0471,2C8A,TOAST DOG,+d,[],,False
0472,1A7E,BOMB AIRPLANE,/l,[],,False
0473,8F4A,AIRPLANE PHONE,lF,[],,False
0474,7E4E,TOAST UMBRELLA,+N,[],,False
0475,8D2B,BOWTIE PHONE,RF,[],,False
0476,1C2E,AIRPLANE RAINDROP,l=,[],,False
0477,1E5C,APPLE DOG,(d,[],,False
0478,8D5C,RAINDROP MOON,=e,[],,False
0479,0B3D,ROBOT MOON,xe,[],,False
0480,0D5C,RAINDROP PLANT,=),[],,False
0481,9A3D,PLANT TV,)h,[],,False
0482,0B8C,CRAB DUCK,~u,[],,False
0483,3B4A,GHOST CAR,Zi,[],,False
0484,6F4B,BOMB GHOST,/Z,[],,False
0485,9B7C,HEART DOG,Wd,[],,False
0486,1B9B,SPOON TOAST,}+,[],,False
0487,1C7B,TOAST APPLE,+(,[],,False
0488,2A7D,CAT EGG,pb,[],,False
0489,8E3D,GHOST LEAF,Z;,[],,False
0490,0F6D,PHONE SNOWMAN,FO,[],,False
0491,1F6F,SPOON SNOWMAN,}O,[],,False
0492,1B5A,GHOST RAINDROP,Z=,[],,False
0493,7F8A,UMBRELLA RAIN,Nn,[],,False
0494,2F0E,AIRPLANE ROBOT,lx,[],,False
0495,1E8E,BOWTIE AIRPLANE,Rl,[],,False
0496,5F1B,RAIN PHONE,nF,[],,False
0497,1D7F,MOON ANT,eT,[],,False
0498,3C8D,MOON AIRPLANE,el,[],,False
0499,1C0B,SNOWMAN DUCK,Ou,[],,False
0500,6B2F,CAT FROG,p',[],,False
0501,9D1B,CRAB CAT,~p,[],,False
0502,1F0C,HEART PAW,Wo,[],,False
0503,2F8F,RAIN DOG,nd,[],,False
0504,5B6D,GHOST SPOON,Z},[],,False
0505,2A8A,RAIN BOMB,n/,[],,False
0506,1D1B,RAIN ANT,nT,[],,False
0507,5E8D,MOON CARROT,"e,",[],,False
0508,2F7C,LEAF AIRPLANE,;l,[],,False
0509,0E6C,PHONE RAIN,Fn,[],,False
0510,5A4F,DUCK STAR,uw,[],,False
0511,2A3E,MOON FROG,e',[],,False
0512,7E6B,DOG RAIN,dn,[],,False
0513,2A1C,RAINDROP TROLLEY,=g,[],,False
0514,5B2B,FROG APPLE,'(,[],,False
0515,0E1C,SNOWMAN ROBOT,Ox,[],,False
0516,1D5A,ANT MOON,Te,[],,False
0517,9B3D,CARROT ROBOT,",x",[],,False
0518,9D6A,RAINDROP RAIN,=n,[],,False
0519,9E7B,AIRPLANE CRAB,l~,[],,False
0520,2A7B,UMBRELLA RAINDROP,N=,[],,False
0521,2E6D,EGG BOMB,b/,[],,False
0522,1A8E,BOWTIE TOAST,R+,[],,False
0523,8A6B,MOON APPLE,e(,[],,False
0524,3F6A,CROWN AIRPLANE,`l,[],,False
0525,3E0D,PAW PHONE,oF,[],,False
0526,2E7F,PHONE SPOON,F},[],,False
0527,6B4D,CAR CLOCK,i?,[],,False
0528,9D2A,PHONE EGG,Fb,[],,False
0529,2F7D,ROBOT TV,xh,[],,False
0530,1E9C,CARROT TROLLEY,",g",[],,False
0531,6B1A,EGG FROG,b',[],,False
0532,6B7F,PLANT EGG,)b,[],,False
0533,1C4D,EGG DOG,bd,[],,False
0534,5B3E,DUCK PAW,uo,[],,False
0535,1A8D,DOG TROLLEY,dg,[],,False
0536,3F3C,RAINDROP AIRPLANE,=l,[],,False
0537,1C0D,PAW CROWN,o`,[],,False
0538,4C7F,CRAB LEAF,~;,[],,False
0539,4E9E,DUCK TV,uh,[],,False
0540,1C1F,MOON RAIN,en,[],,False
0541,3D3F,TOAST BOWTIE,+R,[],,False
0542,7D4B,EGG SNOWMAN,bO,[],,False
0543,0A7D,CAR ROBOT,ix,[],,False
0544,9E6C,DOG CROWN,d`,[],,False
0545,9F3F,STAR RAINDROP,w=,[],,False
0546,9C3F,TOAST CARROT,"+,",[],,False
0547,4E8A,TROLLEY PLANT,g),[],,False
0548,6B0A,CROWN ANT,`T,[],,False
0549,1A3A,MOON PAW,eo,[],,False
0550,0F7F,RAINDROP SPOON,=},[],,False
0551,0A7E,LEAF PLANT,;),[],,False
0552,3A1B,RAIN MOON,ne,[],,False
0553,4B2C,BOMB DOG,/d,[],,False
0554,9B8E,BOMB CAT,/p,[],,False
0555,5C1B,TOAST SPOON,+},[],,False
0556,0A9A,RAINCLOUD SNOWMAN,nO,[],,False
0557,3F8C,HEART AIRPLANE,Wl,[],,False
0558,3E5E,RAINDROP CAT,=p,[],,False
0559,1E8F,CLOCK ROBOT,?x,[],,False
0560,4D0E,SNOWMAN TROLLEY,Og,[],,False
0561,9D0E,SPOON RAINDROP,}=,[],,False
0562,5B3B,ROBOT CARROT,"x,",[],,False
0563,3A3A,TROLLEY CARROT,"g,",[],,False
0564,4F3E,BOMB PHONE,/F,[],,False
0565,7C0E,LEAF CROWN,;`,[],,False
0566,4D6B,BOWTIE MOON,Re,[],,False
0567,5A5B,BOMB ANT,/T,[],,False
0568,6D5A,LEAF DOG,;d,[],,False
0569,6F9B,PLANT PAW,)o,[],,False
0570,5C0D,SNOWMAN BOWTIE,OR,[],,False
0571,5E3F,LEAF HEART,;W,[],,False
0572,1F5F,UMBRELLA ROBOT,Nx,[],,False
0573,3E6B,PHONE STAR,Fw,[],,False
0574,4F5E,BOWTIE APPLE,R(,[],,False
0575,0A3E,UMBRELLA LEAF,N;,[],,False
0576,6F3E,FROG SNOWMAN,'O,[],,False
0577,0C5C,DOG BOWTIE,dR,[],,False
0578,0E4B,MOON HEART,eW,[],,False
0579,5D8F,SPOON TV,}h,[],,False
0580,0C6E,PAW TOAST,o+,[],,False
0581,3D0C,CROWN CARROT,"`,",[],,False
0582,1A6B,CARROT APPLE,",(",[],,False
0583,6F5B,TROLLEY CROWN,g`,[],,False
0584,8F0A,CRAB HEART,~W,[],,False
0585,6C5D,AIRPLANE CAR,li,[],,False
0586,0E2F,CLOCK RAINDROP,?=,[],,False
0587,8D9C,RAINDROP GHOST,=Z,[],,False
0588,7B0D,EGG MOON,be,[],,False
0589,1A0E,DOG RAINDROP,d=,[],,False
0590,9D4F,GHOST FROG,Z',[],,False
0591,4E4D,RAIN FROG,n',[],,False
0592,3E7F,PHONE RAINDROP,F=,[],,False
0593,1B7B,TROLLEY BOWTIE,gR,[],,False
0594,7B1A,BOWTIE HEART,RW,[],,False
0595,8D1D,RAINCLOUD EGG,nb,[],,False
0596,7A8B,RAINCLOUD AIRPLANE,nl,[],,False
0597,2B2C,CLOCK HEART,?W,[],,False
0598,6A9A,PLANT UMBRELLA,)N,[],,False
0599,9E0A,TROLLEY PAW,go,[],,False
0600,6C7A,CRAB RAINDROP,~=,[],,False
0601,3E2C,HEART EGG,Wb,[],,False
0602,9D1A,CLOCK MOON,?e,[],,False
0603,4E6E,CRAB AIRPLANE,~l,[],,False
0604,6E2B,HEART TV,Wh,[],,False
0605,2A5A,DOG PLANT,d),[],,False
0606,2B3F,DOG STAR,dw,[],,False
0607,4C8B,FROG PLANT,'),[],,False
0608,4D9F,TOAST RAIN,+n,[],,False
0609,4E2A,MOON LEAF,e;,[],,False
0610,8C9E,APPLE TV,(h,[],,False
0611,4F2A,SPOON CARROT,"},",[],,False
0612,7B0B,BOWTIE SPOON,R},[],,False
0613,8C7D,ROBOT DOG,xd,[],,False
0614,3C6F,DUCK PLANT,u),[],,False
0615,2C3C,DUCK GHOST,uZ,[],,False
0616,7E7F,BOMB ROBOT,/x,[],,False
0617,8B6F,CRAB ANT,~T,[],,False
0618,4D8B,PHONE GHOST,FZ,[],,False
0619,7C2B,LEAF PAW,;o,[],,False
0620,3F1E,DUCK CRAB,u~,[],,False
0621,4A1D,ANT CARROT,"T,",[],,False
0622,9B7B,HEART CARROT,"W,",[],,False
0623,3B9E,CROWN TV,`h,[],,False
0624,1A5E,UMBRELLA APPLE,N(,[],,False
0625,3F2D,FROG RAINCLOUD,'n,[],,False
0626,9E8C,AIRPLANE CLOCK,l?,[],,False
0627,1F8E,CAT RAINCLOUD,pn,[],,False
0628,9F5C,CLOCK DUCK,?u,[],,False
0629,8B5B,CRAB MOON,~e,[],,False
0630,7C2F,PHONE CROWN,F`,[],,False
0631,8E5B,CROWN DOG,`d,[],,False
0632,3F9A,BOWTIE CRAB,R~,[],,False
0633,0A5D,CROWN CRAB,`~,[],,False
0634,5E0A,HEART CLOCK,W?,[],,False
0635,3B6C,EGG LEAF,b;,[],,False
0636,1F3C,ROBOT RAINDROP,x=,[],,False
0637,6C9B,RAINDROP DUCK,=u,[],,False
0638,1A0B,GHOST TV,Zh,[],,False
0639,8C9B,PAW CRAB,o~,[],,False
0640,6A5C,RAINDROP ROBOT,=x,[],,False
0641,3B8D,TOAST LEAF,+;,[],,False
0642,5D9A,BOMB RAINCLOUD,/n,[],,False
0643,3F4E,SNOWMAN CROWN,O`,[],,False
0644,4D6C,STAR CROWN,w`,[],,False
0645,8F9A,SPOON PLANT,}),[],,False
0646,7F6F,SPOON RAIN,}n,[],,False
0647,5B7C,APPLE CAT,(p,[],,False
0648,4E9F,LEAF STAR,;w,[],,False
0649,6E1B,RAINDROP BOWTIE,=R,[],,False
0650,0E9D,CRAB TV,~h,[],,False
0651,6C2F,SPOON APPLE,}(,[],,False
0652,0C0D,CARROT FROG,",'",[],,False
0653,4C5F,PLANT LEAF,);,[],,False
0654,1D5E,SNOWMAN CRAB,O~,[],,False
0655,8E2C,PLANT TROLLEY,)g,[],,False
0656,2E3F,TROLLEY EGG,gb,[],,False
0657,7A6C,PAW UMBRELLA,oN,[],,False
0658,7E1D,HEART CAR,Wi,[],,False
0659,7B9E,ANT TROLLEY,Tg,[],,False
0660,5B6A,TOAST PHONE,+F,[],,False
0661,2E3D,LEAF CAR,;i,[],,False
0662,4E3F,DOG AIRPLANE,dl,[],,False
0663,6A2C,EGG TV,bh,[],,False
0664,8F1A,UMBRELLA CLOCK,N?,[],,False
0665,0F8C,RAINCLOUD CAR,ni,[],,False
0666,3F8D,RAIN DUCK,nu,[],,False
0667,8B9F,TV HEART,hW,[],,False
0668,8C2D,RAINDROP UMBRELLA,=N,[],,False
0669,4A7D,PLANT ROBOT,)x,[],,False
0670,7F8C,HEART LEAF,W;,[],,False
0671,6C5A,CAT CROWN,p`,[],,False
0672,1B8A,PLANT RAINDROP,)=,[],,False
0673,6D7A,RAINDROP SNOWMAN,=O,[],,False
0674,1F6A,TOAST SNOWMAN,+O,[],,False
0675,5F4E,STAR DUCK,wu,[],,False
0676,8D2A,PLANT DUCK,)u,[],,False
0677,5F7A,TV TOAST,h+,[],,False
0678,3C2F,RAINDROP CAR,=i,[],,False
0679,7C7A,EGG TROLLEY,bg,[],,False
0680,4F9D,HEART BOWTIE,WR,[],,False
0681,0F3A,TOAST CAR,+i,[],,False
0682,7E9E,BOMB CROWN,/`,[],,False
0683,3B5F,CAT SPOON,p},[],,False
0684,2D5F,CARROT HEART,",W",[],,False
0685,4C6A,RAIN CRAB,n~,[],,False
0686,1A4C,GHOST PLANT,Z),[],,False
0687,8B5E,CROWN PLANT,`),[],,False
0688,1D6A,CAR STAR,iw,[],,False
0689,1E5D,RAINDROP CRAB,=~,[],,False
0690,5C8B,APPLE RAIN,(n,[],,False
0691,4F1C,LEAF CARROT,";,",[],,False
0692,6D4B,HEART STAR,Ww,[],,False
0693,5B0F,TV AIRPLANE,hl,[],,False
0694,5E1A,DOG APPLE,d(,[],,False
0695,0E3F,GHOST SNOWMAN,ZO,[],,False
0696,9D0A,UMBRELLA MOON,Ne,[],,False
0697,0D1E,RAINCLOUD CLOCK,n?,[],,False
0698,2C7C,FROG TOAST,'+,[],,False
0699,9A6D,DOG UMBRELLA,dN,[],,False
0700,8C6A,DOG TOAST,d+,[],,False
0701,5E3E,PLANT BOWTIE,)R,[],,False
0702,2E0A,SPOON CAT,}p,[],,False
0703,4A7F,BOMB TROLLEY,/g,[],,False
0704,6A6F,CROWN TROLLEY,`g,[],,False
0705,2B0A,DUCK SPOON,u},[],,False
0706,4E8D,CAT DOG,pd,[],,False
0707,3E6C,EGG DUCK,bu,[],,False
0708,7C9D,DUCK ROBOT,ux,[],,False
0709,6E3D,PHONE APPLE,F(,[],,False
0710,7B4D,MOON SNOWMAN,eO,[],,False
0711,7B3E,PLANT BOMB,)/,[],,False
0712,2E9B,UMBRELLA DOG,Nd,[],,False
0713,3D9D,TROLLEY DOG,gd,[],,False
0714,8B6B,CRAB RAIN,~n,[],,False
0715,9D0F,DOG LEAF,d;,[],,False
0716,2B7B,BOMB TV,/h,[],,False
0717,3D3A,CARROT CROWN,",`",[],,False
0718,9C6F,EGG HEART,bW,[],,False
0719,4A6C,CAT RAIN,pn,[],,False
0720,5F4A,DUCK ANT,uT,[],,False
0721,0A5B,SPOON RAINCLOUD,}n,[],,False
0722,7C7E,PAW LEAF,o;,[],,False
0723,4F6B,TOAST ANT,+T,[],,False
0724,1C7C,DOG SPOON,d},[],,False
0725,2D1C,PHONE BOWTIE,FR,[],,False
0726,9E6B,RAIN STAR,nw,[],,False
0727,9D9D,TOAST CROWN,+`,[],,False
0728,5B3F,FROG CRAB,'~,[],,False
0729,1C6F,RAINCLOUD GHOST,nZ,[],,False
0730,5B2C,TROLLEY CLOCK,g?,[],,False
0731,3D5F,SPOON AIRPLANE,}l,[],,False
0732,3A9D,BOWTIE TV,Rh,[],,False
0733,2E7B,PAW EGG,ob,[],,False
0734,5B9D,TOAST TV,+h,[],,False
0735,1F1A,FROG TROLLEY,'g,[],,False
0736,5E9F,ROBOT ANT,xT,[],,False
0737,6B3E,AIRPLANE MOON,le,[],,False
0738,4E2C,LEAF ROBOT,;x,[],,False
0739,4C0D,RAINDROP BOMB,=/,[],,False
0740,9A1D,FROG PHONE,'F,[],,False
0741,7C5F,TOAST RAINDROP,+=,[],,False
0742,2C1A,APPLE GHOST,(Z,[],,False
0743,6D3C,CROWN PAW,`o,[],,False
0744,3F0A,RAIN RAINDROP,n=,[],,False
0745,2B0E,ROBOT PAW,xo,[],,False
0746,4C8C,CLOCK UMBRELLA,?N,[],,False
0747,1E2E,CLOCK FROG,?',[],,False
0748,5F8E,GHOST ANT,ZT,[],,False
0749,3E8E,CLOCK RAINCLOUD,?n,[],,False
0750,7E4F,CAR HEART,iW,[],,False
0751,4E2E,BOWTIE RAINDROP,R=,[],,False
0752,3D0B,EGG SPOON,b},[],,False
0753,1C6E,CAR RAINCLOUD,in,[],,False
0754,7F7C,ANT STAR,Tw,[],,False
0755,8C1C,PHONE CARROT,"F,",[],,False
0756,5E5F,FROG EGG,'b,[],,False
0757,8F6B,HEART BOMB,W/,[],,False
0758,7D0F,CAR FROG,i',[],,False
0759,0E7B,TROLLEY RAINCLOUD,gn,[],,False
0760,2C4D,TROLLEY STAR,gw,[],,False
0761,4D3A,CARROT PLANT,",)",[],,False
0762,0F7D,TOAST CLOCK,+?,[],,False
0763,2A2F,CARROT UMBRELLA,",N",[],,False
0764,0E7C,CARROT RAIN,",n",[],,False
0765,4E0A,CAT ANT,pT,[],,False
0766,8D5E,RAIN PLANT,n),[],,False
0767,1F1D,PLANT CRAB,)~,[],,False
0768,8E7A,PAW SPOON,o},[],,False
0769,8B6E,RAINCLOUD TOAST,n+,[],,False
0770,9F6C,CARROT EGG,",b",[],,False
0771,9A0F,GHOST UMBRELLA,ZN,[],,False
0772,5F9E,RAIN HEART,nW,[],,False
0773,0E4F,ROBOT SPOON,x},[],,False
0774,1A9D,CROWN RAIN,`n,[],,False
0775,3B5B,LEAF UMBRELLA,;N,[],,False
0776,0A1F,CROWN MOON,`e,[],,False
0777,7D6A,MOON CROWN,e`,[],,False
0778,7B7F,DUCK BOWTIE,uR,[],,False
0779,4B8E,CAR MOON,ie,[],,False
0780,4D7B,LEAF GHOST,;Z,[],,False
0781,2F7E,SNOWMAN CARROT,"O,",[],,False
0782,6F0C,BOWTIE CAT,Rp,[],,False
0783,7A0A,BOWTIE STAR,Rw,[],,False
0784,3A2B,CRAB TOAST,~+,[],,False
0785,3B7B,TROLLEY PHONE,gF,[],,False
0786,5D2C,HEART RAINDROP,W=,[],,False
0787,7F2D,LEAF RAINDROP,;=,[],,False
0788,0A6B,PAW TROLLEY,og,[],,False
0789,3E5D,BOMB CARROT,"/,",[],,False
0790,0C6C,EGG RAINDROP,b=,[],,False
0791,5C2D,ANT APPLE,T(,[],,False
0792,6D7D,DOG ANT,dT,[],,False
0793,7D3C,APPLE MOON,(e,[],,False
0794,4E7E,RAIN TV,nh,[],,False
0795,5E9D,AIRPLANE DOG,ld,[],,False
0796,5E5E,CAR CROWN,i`,[],,False
0797,6F7F,RAINCLOUD DOG,nd,[],,False
0798,9F8E,SPOON PHONE,}F,[],,False
0799,3C1C,BOMB UMBRELLA,/N,[],,False
0800,2B5F,APPLE BOMB,(/,[],,False
0801,7C0A,CAR GHOST,iZ,[],,False
0802,5D3E,TOAST AIRPLANE,+l,[],,False
0803,0D0E,PHONE FROG,F',[],,False
0804,7E3F,TV TROLLEY,hg,[],,False
0805,3D8E,STAR BOWTIE,wR,[],,False
0806,7E1C,UMBRELLA TROLLEY,Ng,[],,False
0807,0C3F,SNOWMAN PAW,Oo,[],,False
0808,8F3F,LEAF TV,;h,[],,False
0809,1D6E,STAR BOMB,w/,[],,False
0810,1B9A,RAIN CROWN,n`,[],,False
0811,9D6E,MOON GHOST,eZ,[],,False
0812,9F0E,DUCK TOAST,u+,[],,False
0813,6F9F,BOMB EGG,/b,[],,False
0814,2B3B,CAT GHOST,pZ,[],,False
0815,8D6A,CARROT SPOON,",}",[],,False
0816,1E5A,TROLLEY HEART,gW,[],,False
0817,5B2F,CLOCK BOMB,?/,[],,False
0818,0B6F,FROG MOON,'e,[],,False
0819,1D1D,RAINCLOUD PAW,no,[],,False
0820,6D6A,FROG GHOST,'Z,[],,False
0821,3A1E,BOMB LEAF,/;,[],,False
0822,0E9A,UMBRELLA PHONE,NF,[],,False
0823,2D0C,CLOCK EGG,?b,[],,False
0824,9F2B,RAINCLOUD TROLLEY,ng,[],,False
0825,6B8E,HEART ANT,WT,[],,False
0826,1C2B,GHOST RAIN,Zn,[],,False
0827,6C5E,ROBOT APPLE,x(,[],,False
0828,4E4F,CRAB CARROT,"~,",[],,False
0829,1B2F,AIRPLANE APPLE,l(,[],,False
0830,2E5C,STAR CAR,wi,[],,False
0831,5F9B,RAINCLOUD HEART,nW,[],,False
0832,7F9A,DOG CLOCK,d?,[],,False
0833,7C6A,CAR BOWTIE,iR,[],,False
0834,3E9A,MOON BOMB,e/,[],,False
0835,1F2F,EGG TOAST,b+,[],,False
0836,2F3D,SPOON LEAF,};,[],,False
0837,1F4A,PAW PLANT,o),[],,False
0838,7C5B,RAIN ROBOT,nx,[],,False
0839,2E5D,AIRPLANE CAT,lp,[],,False
0840,1B9C,TOAST TROLLEY,+g,[],,False
0841,4E5E,CARROT STAR,",w",[],,False
0842,4C6F,RAIN SNOWMAN,nO,[],,False
0843,9E7F,SPOON BOWTIE,}R,[],,False
0844,9D1F,TOAST HEART,+W,[],,False
0845,0B8F,GHOST CAT,Zp,[],,False
0846,2F0A,SNOWMAN DOG,Od,[],,False
0847,9C2B,FROG STAR,'w,[],,False
0848,7D1D,CRAB CROWN,~`,[],,False
0849,6B8B,SPOON GHOST,}Z,[],,False
0850,0A6A,LEAF RAIN,;n,[],,False
0851,8F7F,ANT UMBRELLA,TN,[],,False
0852,4A0C,PAW GHOST,oZ,[],,False
0853,8A4E,GHOST CARROT,"Z,",[],,False
0854,6D5B,ANT BOWTIE,TR,[],,False
0855,5C0C,DOG SNOWMAN,dO,[],,False
0856,7B7C,ANT DOG,Td,[],,False
0857,6F6D,PLANT STAR,)w,[],,False
0858,4A7A,STAR PLANT,w),[],,False
0859,0C2F,CAR ANT,iT,[],,False
0860,7D0D,AIRPLANE TV,lh,[],,False
0861,8D7F,DOG HEART,dW,[],,False
0862,9D6C,DOG MOON,de,[],,False
0863,5B0E,EGG UMBRELLA,bN,[],,False
0864,3A7B,RAINDROP FROG,=',[],,False
0865,9C9E,LEAF CAT,;p,[],,False
0866,7D3B,RAINCLOUD FROG,n',[],,False
0867,5B9F,ROBOT PLANT,x),[],,False
0868,0B7C,TROLLEY CAT,gp,[],,False
0869,1A1D,GHOST STAR,Zw,[],,False
0870,5A9B,CAT BOWTIE,pR,[],,False
0871,7F5C,RAINCLOUD PHONE,nF,[],,False
0872,7F2B,DOG ROBOT,dx,[],,False
0873,8B9B,MOON CRAB,e~,[],,False
0874,6D5F,RAINDROP ANT,=T,[],,False
0875,6D9C,SPOON FROG,}',[],,False
0876,3D8D,RAINCLOUD ANT,nT,[],,False
0877,0B2D,CLOCK CAR,?i,[],,False
0878,6A8A,CRAB SNOWMAN,~O,[],,False
0879,1D0B,UMBRELLA CAR,Ni,[],,False
0880,5B5C,RAINDROP TOAST,=+,[],,False
0881,6C1F,CAR RAINDROP,i=,[],,False
0882,0F3D,SPOON CROWN,}`,[],,False
0883,4C1B,UMBRELLA EGG,Nb,[],,False
0884,5C5B,HEART RAINCLOUD,Wn,[],,False
0885,4B6D,CARROT ANT,",T",[],,False
0886,7F5F,PAW ANT,oT,[],,False
0887,1F3B,TV RAIN,hn,[],,False
0888,0C0C,HEART DUCK,Wu,[],,False
0889,4F8E,GHOST TOAST,Z+,[],,False
0890,8B3D,CLOCK CAT,?p,[],,False
0891,0C8D,RAIN SPOON,n},[],,False
0892,5D0F,CAT RAINDROP,p=,[],,False
0893,4B5A,CRAB ROBOT,~x,[],,False
0894,2F4E,CAR PAW,io,[],,False
0895,8E2E,TV EGG,hb,[],,False
0896,8F3E,GHOST APPLE,Z(,[],,False
0897,9B1B,LEAF FROG,;',[],,False
0898,3F4C,RAINCLOUD APPLE,n(,[],,False
0899,7A5C,HEART UMBRELLA,WN,[],,False
0900,2E6C,ANT RAINCLOUD,Tn,[],,False
0901,3F1D,APPLE PLANT,(),[],,False
0902,2D6F,BOWTIE CAR,Ri,[],,False
0903,3A7A,STAR ROBOT,wx,[],,False
0904,2D9B,CROWN FROG,`',[],,False
0905,7F0F,DUCK MOON,ue,[],,False
0906,3D0D,ROBOT HEART,xW,[],,False
0907,9D3B,PHONE UMBRELLA,FN,[],,False
0908,6D8D,LEAF DUCK,;u,[],,False
0909,3B4E,SPOON STAR,}w,[],,False
0910,6A3C,CARROT MOON,",e",[],,False
0911,7C9F,CROWN EGG,`b,[],,False
0912,8B3F,ANT CRAB,T~,[],,False
0913,6F6A,EGG ANT,bT,[],,False
0914,8D1C,RAINDROP DOG,=d,[],,False
0915,1D2C,RAIN APPLE,n(,[],,False
0916,7F0D,UMBRELLA PLANT,N),[],,False
0917,9B0D,PAW TV,oh,[],,False
0918,7F6A,CROWN HEART,`W,[],,False
0919,5B9A,CAR SPOON,i},[],,False
0920,2D7B,MOON RAINDROP,e=,[],,False
0921,3C3E,ROBOT AIRPLANE,xl,[],,False
0922,1F9C,TROLLEY RAIN,gn,[],,False
0923,6A7E,HEART PLANT,W),[],,False
0924,5F9C,PAW BOWTIE,oR,[],,False
0925,3C9F,DUCK RAIN,un,[],,False
0926,3C2E,CROWN BOWTIE,`R,[],,False
0927,2B3D,CAR SNOWMAN,iO,[],,False
0928,1C5B,TROLLEY AIRPLANE,gl,[],,False
0929,9B2A,UMBRELLA CRAB,N~,[],,False
0930,7E2E,ANT RAIN,Tn,[],,False
0931,0F0D,RAINCLOUD CAT,np,[],,False
0932,5A1B,CAT TOAST,p+,[],,False
0933,2D3C,ROBOT BOWTIE,xR,[],,False
0934,0F6A,RAINCLOUD BOWTIE,nR,[],,False
0935,5F2F,PAW STAR,ow,[],,False
0936,3A4D,GHOST PHONE,ZF,[],,False
0937,4E9B,MOON CLOCK,e?,[],,False
0938,1C3B,EGG STAR,bw,[],,False
0939,9F9F,MOON CAR,ei,[],,False
0940,6E1E,RAIN BOWTIE,nR,[],,False
0941,8E8E,CARROT TOAST,",+",[],,False
0942,9E0F,MOON DUCK,eu,[],,False
0943,1D1A,PHONE DUCK,Fu,[],,False
0944,1D0F,LEAF TROLLEY,;g,[],,False
0945,6E8A,CROWN PHONE,`F,[],,False
0946,8B7D,MOON PHONE,eF,[],,False
0947,1D2E,CAR AIRPLANE,il,[],,False
0948,5B5D,TOAST EGG,+b,[],,False
0949,2B0B,CAR EGG,ib,[],,False
0950,9A9B,GHOST CROWN,Z`,[],,False
0951,3C1D,BOWTIE ROBOT,Rx,[],,False
0952,4B7D,DOG CARROT,"d,",[],,False
0953,6D1C,APPLE PHONE,(F,[],,False
0954,6A7C,SPOON ANT,}T,[],,False
0955,9A1B,LEAF EGG,;b,[],,False
0956,8A3A,BOMB PAW,/o,[],,False
0957,3C3C,PAW ROBOT,ox,[],,False
0958,8A8A,LEAF MOON,;e,[],,False
0959,6D0C,CAR DOG,id,[],,False
0960,4F9F,DUCK TROLLEY,ug,[],,False
0961,2D6A,CRAB TROLLEY,~g,[],,False
0962,4B5E,PLANT RAIN,)n,[],,False
0963,3C9C,STAR APPLE,w(,[],,False
0964,8A2B,UMBRELLA AIRPLANE,Nl,[],,False
0965,7D2F,APPLE AIRPLANE,(l,[],,False
0966,2A9D,HEART FROG,W',[],,False
0967,7B2F,RAINCLOUD STAR,nw,[],,False
0968,0B6E,BOWTIE FROG,R',[],,False
0969,1B7E,RAINCLOUD CROWN,n`,[],,False
0970,8F9D,EGG AIRPLANE,bl,[],,False
0971,1A0F,BOMB DUCK,/u,[],,False
0972,0D1B,PHONE TOAST,F+,[],,False
0973,4E2B,DUCK PHONE,uF,[],,False
0974,0D8D,FROG HEART,'W,[],,False
0975,6E4F,UMBRELLA ANT,NT,[],,False
0976,4E7B,ROBOT RAIN,xn,[],,False
0977,4F3C,SPOON EGG,}b,[],,False
0978,6C7F,CLOCK CRAB,?~,[],,False
0979,8A4B,ANT PAW,To,[],,False
0980,8A2A,CLOCK TV,?h,[],,False
0981,2E4A,ROBOT CRAB,x~,[],,False
0982,6D4D,EGG RAIN,bn,[],,False
0983,7F4E,SNOWMAN MOON,Oe,[],,False
0984,1B5D,TOAST PAW,+o,[],,False
0985,9F0D,DUCK SNOWMAN,uO,[],,False
0986,9B8B,EGG GHOST,bZ,[],,False
0987,9D8D,EGG ROBOT,bx,[],,False
0988,3F0C,PLANT TOAST,)+,[],,False
0989,5A0D,BOWTIE ANT,RT,[],,False
0990,6C1C,RAIN GHOST,nZ,[],,False
0991,5B4F,CARROT PAW,",o",[],,False
0992,1C9F,UMBRELLA RAINCLOUD,Nn,[],,False
0993,5C2B,TV CRAB,h~,[],,False
0994,0C1C,SNOWMAN PHONE,OF,[],,False
0995,9D4C,RAIN TOAST,n+,[],,False
0996,7C7C,TV APPLE,h(,[],,False
0997,6D8E,FROG RAIN,'n,[],,False
0998,5D5D,CROWN ROBOT,`x,[],,False
0999,0D0D,LEAF BOMB,;/,[],,False
1000,1A4E,ROBOT DUCK,xu,[],,False
1001,8B9C,TROLLEY ANT,gT,[],,False
1002,2F5E,CAR DUCK,iu,[],,False
1003,1D8E,ANT BOMB,T/,[],,False
1004,1C4E,STAR PHONE,wF,[],,False
1005,1E0A,HEART GHOST,WZ,[],,False
1006,5A7D,RAIN TROLLEY,ng,[],,False
1007,3A9A,SPOON CLOCK,}?,[],,False
1008,9A8C,AIRPLANE GHOST,lZ,[],,False
1009,5F2D,TROLLEY SNOWMAN,gO,[],,False
1010,9B1F,STAR TOAST,w+,[],,False
1011,9A9E,STAR SPOON,w},[],,False
1012,0B0A,PLANT GHOST,)Z,[],,False
1013,6F8B,CARROT CAT,",p",[],,False
1014,7C5C,DOG EGG,db,[],,False
1015,2A4C,STAR GHOST,wZ,[],,False
1016,5B7A,AIRPLANE CARROT,"l,",[],,False
1017,2C3B,ANT TV,Th,[],,False
1018,1B2C,CARROT DOG,",d",[],,False
1019,0E3A,HEART RAIN,Wn,[],,False
1020,2D6B,FROG UMBRELLA,'N,[],,False
1021,5A4A,PAW DUCK,ou,[],,False
1022,1C2D,MOON EGG,eb,[],,False
1023,9A0E,PLANT RAINCLOUD,)n,[],,False
1024,9D0C,BOMB CRAB,/~,[],,False
1025,9D9C,RAIN CAR,ni,[],,False
1026,4A2D,HEART TROLLEY,Wg,[],,False
1027,6B5B,BOWTIE TROLLEY,Rg,[],,False
1028,9C2C,BOMB RAINDROP,/=,[],,False
1029,4E5A,TROLLEY UMBRELLA,gN,[],,False
1030,3E7C,CLOCK TROLLEY,?g,[],,False
1031,4D5D,TV DUCK,hu,[],,False
1032,9C1B,EGG CAT,bp,[],,False
1033,4F7C,TROLLEY CAR,gi,[],,False
1034,6E8B,DOG RAINCLOUD,dn,[],,False
1035,5F4D,ANT PLANT,T),[],,False
1036,1F8C,CROWN LEAF,`;,[],,False
1037,4E6B,PLANT CAR,)i,[],,False
1038,1E1D,APPLE EGG,(b,[],,False
1039,3F2A,STAR UMBRELLA,wN,[],,False
1040,1B0E,ROBOT STAR,xw,[],,False
1041,1E1A,ROBOT GHOST,xZ,[],,False
1042,6E2A,DUCK AIRPLANE,ul,[],,False
1043,2A3F,TROLLEY MOON,ge,[],,False
1044,0F2F,TOAST CRAB,+~,[],,False
1045,0C9E,FROG CLOCK,'?,[],,False
1046,2C6B,RAINDROP PAW,=o,[],,False
1047,9F5E,BOMB BOWTIE,/R,[],,False
1048,0C4E,BOWTIE DOG,Rd,[],,False
1049,2A8C,APPLE BOWTIE,(R,[],,False
1050,0C5F,STAR LEAF,w;,[],,False
1051,1E8A,RAINCLOUD RAINDROP,n=,[],,False
1052,1A9E,RAINCLOUD CRAB,n~,[],,False
1053,3E0E,CLOCK GHOST,?Z,[],,False
1054,5D5F,UMBRELLA PAW,No,[],,False
1055,7F4B,CAT BOMB,p/,[],,False
1056,3F7A,CARROT RAINCLOUD,",n",[],,False

